# E021-03: Character literals

query T
SELECT 'a'
----
a

query T
SELECT 'abc'
----
abc
