# E051-07: Qualified * in select list

# TODO: Support AS ( C, D ) on `Select`

# statement ok
# CREATE TABLE TABLE_E051_07_01_01 ( ID INT PRIMARY KEY, A INT, B INT );

# SELECT * AS ( C , D ) FROM TABLE_E051_07_01_01


statement ok
CREATE TABLE TABLE_E051_07_01_02 ( ID INT PRIMARY KEY, A INT, B INT );

query III
SELECT * FROM TABLE_E051_07_01_02

# statement ok
# CREATE TABLE TABLE_E051_07_01_03 ( ID INT PRIMARY KEY, A INT, B INT );

# SELECT ALL * AS ( C , D ) FROM TABLE_E051_07_01_03


statement ok
CREATE TABLE TABLE_E051_07_01_04 ( ID INT PRIMARY KEY, A INT, B INT );

query III
SELECT ALL * FROM TABLE_E051_07_01_04

# statement ok
# CREATE TABLE TABLE_E051_07_01_05 ( ID INT PRIMARY KEY, A INT, B INT );

# SELECT ALL TABLE_E051_07_01_05 . * AS ( C , D ) FROM TABLE_E051_07_01_05


statement ok
CREATE TABLE TABLE_E051_07_01_06 ( ID INT PRIMARY KEY, A INT, B INT );

query III
SELECT ALL TABLE_E051_07_01_06 . * FROM TABLE_E051_07_01_06

# statement ok
# CREATE TABLE TABLE_E051_07_01_07 ( ID INT PRIMARY KEY, A INT, B INT );

# SELECT DISTINCT * AS ( C , D ) FROM TABLE_E051_07_01_07


statement ok
CREATE TABLE TABLE_E051_07_01_08 ( ID INT PRIMARY KEY, A INT, B INT );

query III
SELECT DISTINCT * FROM TABLE_E051_07_01_08

# statement ok
# CREATE TABLE TABLE_E051_07_01_09 ( ID INT PRIMARY KEY, A INT, B INT );

# SELECT DISTINCT TABLE_E051_07_01_09 . * AS ( C , D ) FROM TABLE_E051_07_01_09


statement ok
CREATE TABLE TABLE_E051_07_01_10 ( ID INT PRIMARY KEY, A INT, B INT );

query III
SELECT DISTINCT TABLE_E051_07_01_10 . * FROM TABLE_E051_07_01_10

# statement ok
# CREATE TABLE TABLE_E051_07_01_11 ( ID INT PRIMARY KEY, A INT, B INT );

# SELECT TABLE_E051_07_01_11 . * AS ( C , D ) FROM TABLE_E051_07_01_11


statement ok
CREATE TABLE TABLE_E051_07_01_12 ( ID INT PRIMARY KEY, A INT, B INT );

query III
SELECT TABLE_E051_07_01_12 . * FROM TABLE_E051_07_01_12
