# E061-06: NULL predicate

statement ok
CREATE TABLE TABLE_E061_06_01_01 ( ID INT PRIMARY KEY, A INT );

query I
SELECT A FROM TABLE_E061_06_01_01 WHERE A IS NOT NULL

statement ok
CREATE TABLE TABLE_E061_06_01_02 ( ID INT PRIMARY KEY, A INT );

query I
SELECT A FROM TABLE_E061_06_01_02 WHERE A IS NULL
