# E071-01: UNION DISTINCT table operator

statement ok
CREATE TABLE TABLE_E071_01_01_011 ( ID INT PRIMARY KEY, A INT );

statement ok
CREATE TABLE TABLE_E071_01_01_012 ( ID INT PRIMARY KEY, B INT );

query I
SELECT A FROM TABLE_E071_01_01_011 UNION DISTINCT SELECT B FROM TABLE_E071_01_01_012

statement ok
CREATE TABLE TABLE_E071_01_01_021 ( ID INT PRIMARY KEY, A INT );

statement ok
CREATE TABLE TABLE_E071_01_01_022 ( ID INT PRIMARY KEY, B INT );

query I
SELECT A FROM TABLE_E071_01_01_021 UNION SELECT B FROM TABLE_E071_01_01_022
