# E091-02: COUNT

statement ok
CREATE TABLE TABLE_E091_02_01_01 ( ID INT PRIMARY KEY, A FLOAT );

query I
SELECT COUNT ( * ) FROM TABLE_E091_02_01_01
----
0

statement ok
CREATE TABLE TABLE_E091_02_01_02 ( ID INT PRIMARY KEY, A FLOAT );

query I
SELECT COUNT ( A ) FROM TABLE_E091_02_01_02
----
0
