statement ok
create table t(id_0 int primary key, id_1 int primary key, v1 int, v2 int, v3 int)

statement ok
insert into t values (0,0,1,10,100)

statement ok
insert into t values (1,1,1,10,100), (2,2,2,20,200), (3,3,3,30,300), (4,4,4,40,400)

statement ok
delete from t where v1 = 1

query III rowsort
select * from t;
----
2 2 2 20 200
3 3 3 30 300
4 4 4 40 400

statement ok
delete from t

query III rowsort
select * from t
----

statement ok
drop table t
