statement ok
create table t1(id int primary key, c1 int, c2 int);

statement ok
copy t1 from 'tests/data/row_20000.csv' ( DELIMITER '|' );

statement ok
insert into t1 values(100000000, null, null);

statement ok
create index p_index on t1 (c1, c2);

statement ok
analyze table t1;

query IIT
select * from t1 limit 10;
----
0 1 2
3 4 5
6 7 8
9 10 11
12 13 14
15 16 17
18 19 20
21 22 23
24 25 26
27 28 29

query IIT
select * from t1 where id = 0;
----
0 1 2

query IIT
select * from t1 where id = 0 and id = 1;
----

query IIT
select * from t1 where id = 0 and id != 0;
----

query IIT
select * from t1 where id = 0 or id != 0 limit 10;
----
0 1 2
3 4 5
6 7 8
9 10 11
12 13 14
15 16 17
18 19 20
21 22 23
24 25 26
27 28 29

query IIT
select * from t1 where id = 0 and id != 0 and id = 3;
----

query IIT
select * from t1 where id = 0 and id != 0 or id = 3;
----
3 4 5

query IIT
select * from t1 where id > 0 and id = 3;
----
3 4 5

query IIT
select * from t1 where id >= 0 and id <= 3;
----
0 1 2
3 4 5

query IIT
select * from t1 where id <= 0 and id >= 3;
----

query IIT
select * from t1 where id >= 3 or id <= 9 limit 10;
----
0 1 2
3 4 5
6 7 8
9 10 11
12 13 14
15 16 17
18 19 20
21 22 23
24 25 26
27 28 29

query IIT
select * from t1 where id <= 3 or id >= 9 limit 10;
----
0 1 2
3 4 5
9 10 11
12 13 14
15 16 17
18 19 20
21 22 23
24 25 26
27 28 29
30 31 32

query IIT
select * from t1 where (id >= 0 and id <= 3) or (id >= 9 and id <= 12);
----
0 1 2
3 4 5
9 10 11
12 13 14

query IIT
select * from t1 where (id >= 0 or id <= 3) and (id >= 9 or id <= 12) limit 10;
----
0 1 2
3 4 5
6 7 8
9 10 11
12 13 14
15 16 17
18 19 20
21 22 23
24 25 26
27 28 29

query IIT
select * from t1 where id = 5 or (id > 5 and (id > 6 or id < 8) and id < 12);
----
6 7 8
9 10 11

query IIT
select * from t1 where c1 = 7 and c2 = 8;
----
6 7 8

query IIT
select * from t1 where c1 = 7 and c2 < 9;
----
6 7 8

query IIT
select * from t1 where c1 is null and c2 is null;
----
100000000 null null

statement ok
drop table t1;